{"cameraMode":{"drawMode":0,"name":"Shaded","section":"Shading Mode"},"sceneLighting":true,"audioPlay":false,"sceneViewState":{"m_AlwaysRefresh":false,"showFog":false,"showSkybox":false,"showFlares":false,"showImageEffects":false,"showParticleSystems":false,"showVisualEffectGraphs":false,"m_FxEnabled":true},"in2DMode":false,"pivot":{"x":2.5514721870422365,"y":2.8119163513183595,"z":1.2158421277999879},"rotation":{"x":-0.13593707978725434,"y":0.43316885828971865,"z":-0.06626735627651215,"w":-0.8885492086410523},"size":0.7620617151260376,"orthographic":false}